<application>
  <component name="FeatureSuggesterSettings">
    <option name="workingDays">
      <list>
        <option value="1650349614718" />
        <option value="1650430780721" />
        <option value="1650781180497" />
        <option value="1650862783819" />
        <option value="1650953793591" />
        <option value="1651036230108" />
        <option value="1651126758632" />
        <option value="1651385391293" />
        <option value="1651467438962" />
      </list>
    </option>
  </component>
</application>