<application>
  <component name="FileTypeManager" version="18">
    <ignoreFiles list="*$py.class;*.pyc;*.pyo;*.rbc;*.yarb;*~;.DS_Store;.git;.hg;.svn;CVS;__pycache__;_svn;vssver.scc;vssver2.scc" />
    <extensionMap>
      <mapping pattern="docker-compose" type="AUTO_DETECTED" />
      <mapping pattern="hello" type="AUTO_DETECTED" />
      <mapping pattern="consumers" type="AUTO_DETECTED" />
      <mapping ext="tv" type="PLAIN_TEXT" />
      <removed_mapping ext="txt" approved="true" type="PLAIN_TEXT" />
    </extensionMap>
  </component>
</application>