<application>
  <component name="NodeJsLocalInterpreterManager">
    <local-interpreter path="$USER_HOME$/.nvm/versions/node/v16.13.2/bin/node">
      <version-cache version="16.13.2" last-modified="1641850030000" />
    </local-interpreter>
    <local-interpreter path="$USER_HOME$/.nvm/versions/node/v14.19.0/bin/node">
      <version-cache version="14.19.0" last-modified="1643702759000" />
    </local-interpreter>
    <local-interpreter path="$USER_HOME$/.nvm/versions/node/v12.20.2/bin/node">
      <version-cache version="12.20.2" last-modified="1612929867000" />
    </local-interpreter>
    <local-interpreter path="$USER_HOME$/.nvm/versions/node/v10.24.1/bin/node">
      <version-cache version="10.24.1" last-modified="1617716142000" />
    </local-interpreter>
  </component>
</application>