<keymap version="1" name="GNOME copy" parent="Default for GNOME">
  <action id="Arrangement.Alias.Rule.Match.Condition.Move.Down" />
  <action id="Arrangement.Rule.Group.Condition.Move.Down" />
  <action id="Arrangement.Rule.Group.Condition.Move.Up" />
  <action id="Arrangement.Rule.Match.Condition.Move.Down" />
  <action id="Arrangement.Rule.Match.Condition.Move.Up" />
  <action id="Back">
    <keyboard-shortcut first-keystroke="shift alt left" />
    <mouse-shortcut keystroke="button4" />
    <keyboard-shortcut first-keystroke="ctrl alt left" />
  </action>
  <action id="Forward">
    <keyboard-shortcut first-keystroke="shift alt right" />
    <mouse-shortcut keystroke="button5" />
    <keyboard-shortcut first-keystroke="ctrl alt right" />
  </action>
  <action id="GotoTest" />
  <action id="JupyterNotebookMoveCellDownCommandModeAction">
    <keyboard-shortcut first-keystroke="alt j" />
  </action>
  <action id="JupyterNotebookMoveCellUpCommandModeAction">
    <keyboard-shortcut first-keystroke="alt k" />
  </action>
  <action id="MethodDown" />
  <action id="MethodUp" />
  <action id="MoveLineDown">
    <keyboard-shortcut first-keystroke="alt down" />
  </action>
  <action id="MoveLineUp">
    <keyboard-shortcut first-keystroke="alt up" />
  </action>
  <action id="ReopenClosedTab">
    <keyboard-shortcut first-keystroke="shift ctrl t" />
  </action>
  <action id="ServiceView.ShowServices" />
  <action id="ShowContent" />
  <action id="ShowSearchHistory" />
  <action id="UsageView.ShowRecentFindUsages" />
</keymap>